{
  "bedrock_default": [
    {
      "type": "hunger",
      "x": 10,
      "y": 10,
      "align": "left",
      "scale": 1.0
    },
    {
      "type": "armor",
      "x": 10,
      "y": 25,
      "align": "left",
      "scale": 1.0
    },
    {
      "type": "xp",
      "x": 10,
      "y": 40,
      "align": "left",
      "scale": 1.0
    },
    {
      "type": "mana",
      "x": 10,
      "y": 55,
      "align": "left",
      "scale": 1.0,
      "color": "blue"
    },
    {
      "type": "stamina",
      "x": 10,
      "y": 70,
      "align": "left",
      "scale": 1.0,
      "color": "green"
    },
    {
      "type": "balance",
      "x": 10,
      "y": 85,
      "align": "left",
      "scale": 1.0,
      "prefix": "Coins: "
    }
  ]
}