{"textures":{"0":"block/water_flow","1":"block/water_still","particle":"block/water_flow"},"elements":[{"from":[0.09999999999999964,0.09999999999999964,0.09999999999999964],"to":[15.9,15.9,15.9],"faces":{"north":{"uv":[0.0,0.0,8.0,8.0],"texture":"#0","tintindex":0},"east":{"uv":[16.0,0.0,8.0,8.0],"texture":"#0","tintindex":0},"south":{"uv":[0.0,0.0,8.0,8.0],"texture":"#0","tintindex":0},"west":{"uv":[8.0,0.0,16.0,8.0],"texture":"#0","tintindex":0},"up":{"uv":[0.0,0.0,16.0,16.0],"texture":"#1","tintindex":0},"down":{"uv":[0.0,0.0,16.0,16.0],"texture":"#1","tintindex":0}}}]}