{
  "format_version": "1.12.0",
  "hud_screen": {
    "namespace": "hud",
    "elements": {
      "mana_bar": {
        "type": "label",
        "text": "20/20 Mana",
        "anchor_from": "top_left",
        "anchor_to": "top_left",
        "offset": [10, 40],
        "color": [0, 200, 255, 255],
        "font_size": 2
      },
      "stamina_bar": {
        "type": "label",
        "text": "20/20 Stamina",
        "anchor_from": "top_left",
        "anchor_to": "top_left",
        "offset": [10, 60],
        "color": [0, 255, 100, 255],
        "font_size": 2
      }
    }
  }
}
